[
  {
    "dimension": {
      "f_135804_": "minecraft",
      "f_135805_": "overworld"
    },
    "id": "b1407781-b374-4eab-8d51-a677022e8f9a",
    "ownerID": "722665d1-1424-30a4-b485-6f4f1bd10e87",
    "pos": {
      "f_123285_": -6,
      "f_123286_": 65,
      "f_123289_": 98
    },
    "type": 0
  },
  {
    "dimension": {
      "f_135804_": "minecraft",
      "f_135805_": "overworld"
    },
    "id": "c746ca3e-3928-42d2-ad9a-b9db78d37d35",
    "ownerID": "722665d1-1424-30a4-b485-6f4f1bd10e87",
    "pos": {
      "f_123285_": 246,
      "f_123286_": 82,
      "f_123289_": 707
    },
    "type": 0
  }
]