{"stats":{"minecraft:used":{"minecraft:stone_sword":40,"minecraft:stone_pickaxe":102,"minecraft:wooden_pickaxe":29,"strictly_origins:damaged_durendal":8,"minecraft:torch":9,"minecraft:crafting_table":1,"minecraft:chainmail_chestplate":2,"minecraft:leather_helmet":1,"minecraft:stone_axe":16,"minecraft:written_book":1,"minecraft:furnace":2,"minecraft:cooked_porkchop":7},"minecraft:custom":{"enigmaticlegacy:play_time_with_seven_curses":43814,"minecraft:interact_with_furnace":7,"minecraft:mob_kills":14,"enigmaticlegacy:play_time_without_seven_curses":1729,"minecraft:interact_with_crafting_table":2,"minecraft:leave_game":1,"minecraft:time_since_death":13207,"minecraft:time_since_rest":13250,"minecraft:sprint_one_cm":78017,"minecraft:damage_taken":2432,"minecraft:walk_one_cm":92680,"minecraft:drop":1,"minecraft:damage_dealt":1816,"minecraft:swim_one_cm":82418,"minecraft:fly_one_cm":91647,"minecraft:open_chest":2,"minecraft:crouch_one_cm":4701,"minecraft:play_time":51297,"minecraft:deaths":5,"minecraft:sneak_time":2255,"minecraft:walk_under_water_one_cm":16968,"minecraft:jump":607,"minecraft:walk_on_water_one_cm":15441,"minecraft:total_world_time":51297,"minecraft:fall_one_cm":12785},"minecraft:killed_by":{"irons_spellbooks:necromancer":1,"minecraft:skeleton":2,"majruszsdifficulty:cursed_armor":1},"minecraft:crafted":{"minecraft:oak_planks":36,"minecraft:cooked_porkchop":7,"minecraft:crafting_table":1,"minecraft:wooden_pickaxe":1,"minecraft:furnace":1,"minecraft:stone_axe":1,"minecraft:air":0,"minecraft:stick":12,"minecraft:stone_pickaxe":1,"minecraft:stone_sword":1,"minecraft:acacia_planks":44,"minecraft:torch":20},"minecraft:killed":{"minecraft:pig":5,"minecraft:spider":2,"aquaculture:gar":1,"aquaculture:smallmouth_bass":1,"alexsmobs:emu":1},"minecraft:dropped":{"minecraft:chest":1},"minecraft:picked_up":{"minecraft:crafting_table":1,"minecraft:wheat":2,"minecraft:feather":2,"minecraft:leather":3,"relics:amphibian_boot":1,"minecraft:filled_map":1,"minecraft:potion":1,"undead_unleashed:grave_metal_chestplate":1,"minecraft:oak_log":9,"minecraft:chainmail_chestplate":1,"enigmaticlegacy:enigmatic_eye":1,"minecraft:string":24,"minecraft:dirt":11,"minecraft:raw_copper":57,"minecraft:bone":3,"irons_spellbooks:arcane_essence":1,"aquaculture:bluegill":1,"ringsofascension:ring_water_breathing":1,"twigs:twig":1,"minecraft:chest":1,"minecraft:furnace":1,"apotheosis:gem":7,"aquaculture:gar":1,"minecraft:acacia_log":11,"minecraft:porkchop":7,"minecraft:sand":4,"minecraft:spider_eye":2,"minecraft:leather_helmet":1,"enigmaticlegacy:lore_inscriber":1,"minecraft:arrow":1,"minecraft:rotten_flesh":1,"minecraft:stone_axe":1,"minecraft:coal":79,"minecraft:cobblestone":54},"minecraft:mined":{"minecraft:crafting_table":1,"minecraft:acacia_log":11,"minecraft:grass_block":3,"minecraft:chest":1,"twigs:twig":1,"minecraft:copper_ore":10,"minecraft:furnace":1,"minecraft:grass":7,"minecraft:coal_ore":64,"minecraft:oak_log":9,"minecraft:sand":5,"minecraft:dirt":8,"minecraft:stone":56,"minecraft:oak_leaves":2}},"DataVersion":3120}