{"stats":{"minecraft:used":{"minecraft:stone_sword":92,"minecraft:baked_potato":1,"minecraft:stone_pickaxe":131,"minecraft:wooden_pickaxe":29,"strictly_origins:damaged_durendal":8,"aquaculture:bluegill":1,"minecraft:torch":9,"minecraft:crafting_table":2,"minecraft:chainmail_chestplate":2,"minecraft:leather_helmet":1,"aquaculture:gar":1,"minecraft:stone_axe":26,"ecologics:coconut_slice":12,"minecraft:written_book":1,"vinery:cherry":6,"minecraft:furnace":4,"minecraft:cooked_porkchop":9,"minecraft:acacia_planks":15},"minecraft:custom":{"enigmaticlegacy:play_time_with_seven_curses":55814,"minecraft:interact_with_furnace":12,"minecraft:mob_kills":20,"enigmaticlegacy:play_time_without_seven_curses":1729,"minecraft:interact_with_crafting_table":3,"minecraft:leave_game":1,"minecraft:time_since_death":25207,"minecraft:damage_resisted":0,"minecraft:time_since_rest":25250,"minecraft:sprint_one_cm":92498,"minecraft:damage_taken":3186,"minecraft:walk_one_cm":142069,"minecraft:drop":4,"minecraft:damage_dealt":3151,"minecraft:swim_one_cm":93474,"minecraft:fly_one_cm":108496,"minecraft:open_chest":2,"minecraft:crouch_one_cm":5202,"minecraft:play_time":63297,"minecraft:deaths":5,"minecraft:sneak_time":2456,"minecraft:walk_under_water_one_cm":20791,"minecraft:jump":806,"minecraft:walk_on_water_one_cm":20379,"minecraft:total_world_time":63297,"minecraft:fall_one_cm":17384},"minecraft:killed_by":{"irons_spellbooks:necromancer":1,"minecraft:skeleton":2,"majruszsdifficulty:cursed_armor":1},"minecraft:crafted":{"minecraft:oak_planks":36,"minecraft:cooked_porkchop":10,"minecraft:crafting_table":1,"minecraft:wooden_pickaxe":1,"minecraft:furnace":2,"minecraft:stone_axe":1,"minecraft:air":0,"minecraft:stick":12,"minecraft:stone_pickaxe":1,"minecraft:stone_sword":1,"minecraft:acacia_planks":44,"minecraft:torch":20},"minecraft:killed":{"minecraft:pig":6,"minecraft:spider":2,"aquaculture:gar":1,"aquaculture:smallmouth_bass":1,"alexsmobs:emu":1,"minecraft:skeleton":1,"minecraft:zombie":1,"ecologics:coconut_crab":2},"minecraft:broken":{"minecraft:stone_pickaxe":1},"minecraft:dropped":{"minecraft:wheat_seeds":1,"minecraft:rotten_flesh":13,"minecraft:chest":1,"minecraft:arrow":1},"minecraft:picked_up":{"minecraft:crafting_table":2,"minecraft:wheat":2,"minecraft:feather":2,"vinery:rotten_cherry":1,"minecraft:leather":3,"relics:amphibian_boot":1,"minecraft:filled_map":1,"minecraft:potion":1,"undead_unleashed:grave_metal_chestplate":1,"minecraft:oak_log":9,"minecraft:chainmail_chestplate":1,"enigmaticlegacy:enigmatic_eye":1,"minecraft:string":24,"minecraft:dirt":11,"minecraft:raw_copper":109,"minecraft:bone":20,"minecraft:acacia_planks":1,"delightful:mini_melon":5,"minecraft:wheat_seeds":1,"minecraft:gold_nugget":7,"irons_spellbooks:arcane_essence":1,"aquaculture:bluegill":1,"vinery:cherry":22,"ringsofascension:ring_water_breathing":1,"twigs:twig":1,"minecraft:chest":1,"ecologics:crab_claw":1,"minecraft:furnace":3,"apotheosis:gem":9,"aquaculture:gar":1,"ecologics:coconut_slice":12,"minecraft:acacia_log":11,"minecraft:porkchop":10,"minecraft:sand":4,"ecologics:coconut_husk":5,"undead_unleashed:grave_metal_scrap":11,"minecraft:spider_eye":2,"minecraft:leather_helmet":1,"enigmaticlegacy:lore_inscriber":1,"minecraft:arrow":12,"minecraft:rotten_flesh":13,"minecraft:stone_axe":1,"minecraft:baked_potato":1,"minecraft:coal":99,"minecraft:cobblestone":59},"minecraft:mined":{"minecraft:crafting_table":2,"minecraft:acacia_log":11,"undead_unleashed:grave_soil":6,"minecraft:grass_block":3,"minecraft:chest":1,"twigs:twig":1,"minecraft:copper_ore":22,"minecraft:furnace":3,"twigs:tangerine_seashell":1,"minecraft:grass":10,"minecraft:coal_ore":74,"minecraft:oak_log":9,"ecologics:hanging_coconut":1,"delightful:mini_melon":5,"minecraft:sand":5,"minecraft:dirt":8,"minecraft:acacia_planks":1,"minecraft:stone":61,"minecraft:oak_leaves":3}},"DataVersion":3120}