{"stats":{"minecraft:used":{"minecraft:writable_book":2,"minecraft:stone_sword":262,"strictly_origins:damaged_durendal":8,"aquaculture:bluegill":1,"minecraft:torch":15,"minecraft:chainmail_chestplate":5,"ecologics:crab_meat":3,"minecraft:bow":14,"minecraft:written_book":1,"minecraft:furnace":4,"minecraft:acacia_planks":15,"minecraft:stone_pickaxe":259,"minecraft:baked_potato":3,"minecraft:wooden_pickaxe":29,"minecraft:leather_boots":2,"minecraft:crafting_table":6,"minecraft:bread":2,"minecraft:leather_helmet":4,"aquaculture:gar":1,"minecraft:stone_axe":111,"ecologics:coconut_slice":17,"vinery:cherry":11,"minecraft:cooked_porkchop":16},"minecraft:custom":{"minecraft:interact_with_smithing_table":1,"enigmaticlegacy:play_time_with_seven_curses":109554,"minecraft:mob_kills":41,"minecraft:interact_with_anvil":1,"minecraft:interact_with_crafting_table":9,"minecraft:open_barrel":4,"minecraft:damage_dealt_resisted":0,"minecraft:leave_game":2,"minecraft:time_since_death":9019,"minecraft:climb_one_cm":3647,"minecraft:damage_resisted":0,"minecraft:sprint_one_cm":173653,"minecraft:walk_one_cm":337672,"minecraft:drop":33,"minecraft:talked_to_villager":12,"minecraft:play_time":117183,"minecraft:deaths":9,"minecraft:sneak_time":7563,"minecraft:walk_under_water_one_cm":21652,"minecraft:jump":1524,"minecraft:walk_on_water_one_cm":22264,"minecraft:total_world_time":117183,"minecraft:interact_with_furnace":30,"enigmaticlegacy:play_time_without_seven_curses":1729,"minecraft:traded_with_villager":1,"minecraft:interact_with_grindstone":2,"minecraft:sleep_in_bed":1,"minecraft:time_since_rest":9049,"minecraft:waystone_activated":1,"minecraft:damage_taken":6014,"minecraft:damage_dealt":8431,"minecraft:fly_one_cm":201697,"minecraft:swim_one_cm":101391,"minecraft:open_chest":21,"minecraft:crouch_one_cm":12790,"minecraft:interact_with_smoker":1,"minecraft:fall_one_cm":35386},"minecraft:killed_by":{"enemyexpansion:equestrian":1,"blue_skies:gatekeeper":1,"minecraft:vindicator":2,"irons_spellbooks:necromancer":1,"minecraft:skeleton":2,"majruszsdifficulty:cursed_armor":1},"minecraft:crafted":{"minecraft:oak_planks":36,"minecraft:furnace":2,"sophisticatedbackpacks:copper_backpack":1,"minecraft:stone_pickaxe":3,"ecologics:crab_meat":3,"blue_skies:blue_journal":1,"minecraft:cooked_porkchop":20,"minecraft:crafting_table":1,"minecraft:wooden_pickaxe":1,"minecraft:copper_ingot":16,"minecraft:stone_axe":1,"minecraft:air":0,"minecraft:shield":1,"minecraft:stick":24,"minecraft:iron_ingot":3,"minecraft:stone_sword":2,"minecraft:acacia_planks":44,"minecraft:torch":20},"minecraft:killed":{"minecraft:spider":4,"minecraft:vindicator":1,"aquaculture:gar":1,"aquaculture:smallmouth_bass":1,"minecraft:skeleton":1,"ecologics:coconut_crab":7,"minecraft:pig":10,"alexsmobs:seal":2,"alexsmobs:emu":1,"minecraft:pillager":2,"minecraft:zombie":1,"minecraft:wither_skeleton":2},"minecraft:broken":{"minecraft:stone_sword":2,"minecraft:stone_pickaxe":1},"minecraft:dropped":{"minecraft:wheat_seeds":1,"ecologics:crab_claw":2,"minecraft:stick":2,"minecraft:writable_book":1,"minecraft:sand":4,"twigs:twig":1,"minecraft:rotten_flesh":13,"minecraft:rabbit_hide":2,"minecraft:andesite":18,"ecologics:coconut_husk":17,"minecraft:chest":1,"minecraft:spider_eye":2,"minecraft:arrow":1},"minecraft:picked_up":{"minecraft:crafting_table":5,"minecraft:wheat":2,"minecraft:flower_pot":1,"minecraft:lead":2,"relics:amphibian_boot":1,"minecraft:potion":1,"undead_unleashed:grave_metal_chestplate":1,"enigmaticlegacy:enigmatic_eye":1,"minecraft:string":35,"minecraft:raw_copper":127,"minecraft:netherite_scrap":1,"minecraft:blue_orchid":1,"irons_spellbooks:arcane_essence":1,"aquaculture:bluegill":1,"minecraft:gold_nugget":7,"vinery:cherry":22,"minecraft:chest":1,"ecologics:crab_claw":5,"minecraft:furnace":3,"minecraft:stick":1,"apotheosis:gem":22,"ecologics:coconut_slice":31,"minecraft:acacia_log":11,"minecraft:porkchop":20,"minecraft:stone_sword":1,"minecraft:arrow":16,"minecraft:rotten_flesh":16,"minecraft:blaze_powder":2,"minecraft:cobblestone":66,"minecraft:feather":2,"vinery:rotten_cherry":1,"minecraft:andesite":22,"minecraft:leather":3,"minecraft:filled_map":1,"minecraft:oak_log":9,"minecraft:chainmail_chestplate":1,"minecraft:dirt":11,"minecraft:bone":25,"minecraft:acacia_planks":1,"delightful:mini_melon":10,"minecraft:wheat_seeds":1,"minecraft:rabbit_hide":2,"minecraft:stone_pickaxe":1,"minecraft:mossy_stone_bricks":5,"ringsofascension:ring_water_breathing":1,"twigs:twig":1,"minecraft:book":90,"aquaculture:gar":1,"minecraft:chiseled_stone_bricks":1,"minecraft:amethyst_shard":4,"vinery:white_grape":1,"minecraft:sand":8,"ecologics:coconut_husk":5,"undead_unleashed:grave_metal_scrap":11,"minecraft:spider_eye":3,"minecraft:leather_helmet":1,"enigmaticlegacy:lore_inscriber":1,"minecraft:stone_axe":3,"minecraft:writable_book":1,"minecraft:mossy_cobblestone_stairs":1,"minecraft:emerald":15,"minecraft:baked_potato":1,"minecraft:coal":213},"minecraft:mined":{"minecraft:potted_blue_orchid":1,"minecraft:acacia_log":11,"minecraft:grass_block":3,"twigs:twig":1,"minecraft:spawner":1,"minecraft:chiseled_stone_bricks":1,"minecraft:furnace":3,"minecraft:mossy_cobblestone_stairs":1,"minecraft:andesite":22,"minecraft:bookshelf":30,"minecraft:vine":1,"minecraft:stone":68,"minecraft:amethyst_cluster":1,"minecraft:crafting_table":5,"undead_unleashed:grave_soil":6,"minecraft:chest":1,"minecraft:tall_grass":3,"minecraft:copper_ore":25,"twigs:tangerine_seashell":1,"minecraft:grass":16,"minecraft:coal_ore":161,"minecraft:oak_log":9,"ecologics:hanging_coconut":1,"delightful:mini_melon":10,"minecraft:sand":5,"minecraft:dirt":8,"minecraft:acacia_planks":1,"minecraft:mossy_stone_bricks":5,"minecraft:oak_leaves":3}},"DataVersion":3120}