{"stats":{"minecraft:used":{"minecraft:stone_sword":161,"minecraft:stone_pickaxe":189,"minecraft:baked_potato":3,"minecraft:wooden_pickaxe":29,"strictly_origins:damaged_durendal":8,"aquaculture:bluegill":1,"minecraft:torch":9,"minecraft:crafting_table":4,"minecraft:chainmail_chestplate":3,"minecraft:leather_helmet":2,"aquaculture:gar":1,"minecraft:stone_axe":28,"ecologics:coconut_slice":17,"minecraft:written_book":1,"minecraft:furnace":4,"vinery:cherry":11,"minecraft:cooked_porkchop":12,"minecraft:acacia_planks":15},"minecraft:custom":{"minecraft:interact_with_smithing_table":1,"enigmaticlegacy:play_time_with_seven_curses":85622,"minecraft:interact_with_furnace":27,"minecraft:interact_with_anvil":1,"minecraft:mob_kills":31,"minecraft:traded_with_villager":1,"enigmaticlegacy:play_time_without_seven_curses":1729,"minecraft:interact_with_crafting_table":7,"minecraft:open_barrel":2,"minecraft:interact_with_grindstone":2,"minecraft:time_since_death":20282,"minecraft:leave_game":2,"minecraft:climb_one_cm":24,"minecraft:damage_resisted":0,"minecraft:time_since_rest":20316,"minecraft:waystone_activated":1,"minecraft:sprint_one_cm":138183,"minecraft:damage_taken":4471,"minecraft:walk_one_cm":242054,"minecraft:drop":30,"minecraft:damage_dealt":5616,"minecraft:talked_to_villager":7,"minecraft:swim_one_cm":101391,"minecraft:fly_one_cm":159010,"minecraft:open_chest":14,"minecraft:crouch_one_cm":6608,"minecraft:play_time":93183,"minecraft:deaths":7,"minecraft:sneak_time":3121,"minecraft:walk_under_water_one_cm":21652,"minecraft:jump":1194,"minecraft:walk_on_water_one_cm":21175,"minecraft:total_world_time":93183,"minecraft:fall_one_cm":24234},"minecraft:killed_by":{"irons_spellbooks:necromancer":1,"minecraft:skeleton":2,"enemyexpansion:equestrian":1,"majruszsdifficulty:cursed_armor":1,"blue_skies:gatekeeper":1},"minecraft:crafted":{"blue_skies:blue_journal":1,"minecraft:oak_planks":36,"minecraft:cooked_porkchop":20,"minecraft:crafting_table":1,"minecraft:wooden_pickaxe":1,"minecraft:furnace":2,"minecraft:copper_ingot":16,"minecraft:stone_axe":1,"minecraft:air":0,"sophisticatedbackpacks:copper_backpack":1,"minecraft:stick":16,"minecraft:stone_pickaxe":2,"minecraft:stone_sword":2,"minecraft:acacia_planks":44,"minecraft:torch":20,"ecologics:crab_meat":3},"minecraft:killed":{"minecraft:pig":10,"alexsmobs:seal":2,"minecraft:spider":2,"aquaculture:gar":1,"aquaculture:smallmouth_bass":1,"alexsmobs:emu":1,"minecraft:skeleton":1,"minecraft:zombie":1,"ecologics:coconut_crab":7},"minecraft:broken":{"minecraft:stone_pickaxe":1,"minecraft:stone_sword":1},"minecraft:dropped":{"minecraft:wheat_seeds":1,"minecraft:rotten_flesh":13,"ecologics:crab_claw":2,"minecraft:stick":2,"minecraft:andesite":18,"ecologics:coconut_husk":17,"minecraft:chest":1,"minecraft:spider_eye":2,"minecraft:sand":4,"minecraft:arrow":1,"twigs:twig":1},"minecraft:picked_up":{"minecraft:crafting_table":4,"minecraft:wheat":2,"minecraft:feather":2,"vinery:rotten_cherry":1,"minecraft:andesite":18,"minecraft:leather":3,"minecraft:filled_map":1,"relics:amphibian_boot":1,"minecraft:potion":1,"undead_unleashed:grave_metal_chestplate":1,"minecraft:oak_log":9,"minecraft:chainmail_chestplate":1,"enigmaticlegacy:enigmatic_eye":1,"minecraft:string":24,"minecraft:dirt":11,"minecraft:raw_copper":127,"minecraft:bone":20,"minecraft:acacia_planks":1,"delightful:mini_melon":5,"irons_spellbooks:arcane_essence":1,"minecraft:wheat_seeds":1,"minecraft:gold_nugget":7,"aquaculture:bluegill":1,"minecraft:stone_pickaxe":1,"vinery:cherry":22,"ringsofascension:ring_water_breathing":1,"twigs:twig":1,"minecraft:chest":1,"ecologics:crab_claw":5,"minecraft:furnace":3,"minecraft:stick":1,"aquaculture:gar":1,"apotheosis:gem":13,"ecologics:coconut_slice":31,"minecraft:acacia_log":11,"vinery:white_grape":1,"minecraft:porkchop":20,"minecraft:sand":8,"ecologics:coconut_husk":5,"minecraft:amethyst_shard":4,"undead_unleashed:grave_metal_scrap":11,"minecraft:stone_sword":1,"minecraft:spider_eye":2,"minecraft:leather_helmet":1,"enigmaticlegacy:lore_inscriber":1,"minecraft:arrow":12,"minecraft:rotten_flesh":13,"minecraft:stone_axe":3,"minecraft:baked_potato":1,"minecraft:coal":144,"minecraft:cobblestone":61},"minecraft:mined":{"minecraft:amethyst_cluster":1,"minecraft:crafting_table":4,"minecraft:acacia_log":11,"undead_unleashed:grave_soil":6,"minecraft:grass_block":3,"minecraft:chest":1,"twigs:twig":1,"minecraft:copper_ore":25,"minecraft:tall_grass":1,"minecraft:furnace":3,"twigs:tangerine_seashell":1,"minecraft:andesite":18,"minecraft:grass":16,"minecraft:oak_log":9,"minecraft:coal_ore":108,"ecologics:hanging_coconut":1,"delightful:mini_melon":5,"minecraft:sand":5,"minecraft:dirt":8,"minecraft:acacia_planks":1,"minecraft:stone":63,"minecraft:oak_leaves":3}},"DataVersion":3120}