{"stats":{"minecraft:mined":{"minecraft:mossy_cobblestone":1,"minecraft:potted_blue_orchid":1,"minecraft:acacia_log":39,"minecraft:grass_block":4,"twigs:twig":1,"minecraft:spawner":2,"minecraft:chiseled_stone_bricks":1,"minecraft:furnace":3,"minecraft:mossy_cobblestone_stairs":1,"minecraft:andesite":26,"minecraft:peony":2,"minecraft:mossy_stone_brick_stairs":1,"minecraft:bookshelf":32,"minecraft:vine":5,"minecraft:bamboo":1,"minecraft:stone":74,"minecraft:acacia_leaves":6,"minecraft:amethyst_cluster":1,"minecraft:crafting_table":7,"undead_unleashed:grave_soil":6,"minecraft:melon":3,"minecraft:poppy":3,"minecraft:chest":1,"minecraft:tall_grass":3,"minecraft:copper_ore":25,"minecraft:wall_torch":1,"twigs:tangerine_seashell":1,"minecraft:grass":32,"minecraft:oak_log":9,"minecraft:coal_ore":161,"ecologics:hanging_coconut":1,"delightful:mini_melon":10,"minecraft:sand":5,"minecraft:dirt":8,"minecraft:cracked_stone_bricks":4,"minecraft:acacia_planks":1,"minecraft:mossy_stone_bricks":10,"minecraft:oak_leaves":3,"minecraft:fern":2},"minecraft:custom":{"minecraft:interact_with_smithing_table":1,"enigmaticlegacy:play_time_with_seven_curses":183500,"minecraft:interact_with_anvil":1,"minecraft:mob_kills":68,"minecraft:interact_with_crafting_table":21,"minecraft:open_barrel":4,"minecraft:damage_dealt_resisted":0,"minecraft:leave_game":3,"minecraft:time_since_death":3525,"minecraft:climb_one_cm":7687,"minecraft:damage_resisted":0,"minecraft:sprint_one_cm":290724,"minecraft:walk_one_cm":462084,"minecraft:damage_blocked_by_shield":54,"minecraft:drop":52,"minecraft:talked_to_villager":14,"minecraft:play_time":191346,"minecraft:deaths":14,"minecraft:sneak_time":10555,"minecraft:walk_under_water_one_cm":23359,"minecraft:jump":2380,"minecraft:walk_on_water_one_cm":36236,"minecraft:total_world_time":191346,"minecraft:interact_with_furnace":42,"enigmaticlegacy:play_time_without_seven_curses":1729,"minecraft:traded_with_villager":1,"minecraft:interact_with_grindstone":2,"minecraft:sleep_in_bed":3,"minecraft:time_since_rest":3562,"minecraft:waystone_activated":1,"minecraft:damage_taken":9138,"minecraft:damage_absorbed":206,"minecraft:damage_dealt":13150,"minecraft:swim_one_cm":121055,"minecraft:fly_one_cm":345919,"minecraft:open_chest":46,"minecraft:crouch_one_cm":17789,"minecraft:interact_with_smoker":1,"minecraft:fall_one_cm":52075},"minecraft:killed":{"minecraft:vindicator":1,"minecraft:spider":18,"aquaculture:gar":1,"aquaculture:smallmouth_bass":1,"enemyexpansion:direwolf":1,"minecraft:skeleton":1,"ecologics:coconut_crab":7,"minecraft:pig":11,"alexsmobs:seal":2,"alexsmobs:emu":1,"minecraft:pillager":2,"minecraft:zombie":1,"alexsmobs:fly":1,"undead_unleashed:haunter":1,"minecraft:wither_skeleton":2,"enemyexpansion:wasp":1,"minecraft:cow":4},"minecraft:killed_by":{"minecraft:spider":1,"enemyexpansion:equestrian":1,"blue_skies:gatekeeper":1,"minecraft:vindicator":2,"irons_spellbooks:necromancer":3,"minecraft:skeleton":2,"minecraft:zombie":2,"majruszsdifficulty:cursed_armor":1},"minecraft:dropped":{"minecraft:bread":10,"minecraft:iron_sword":2,"minecraft:wheat_seeds":1,"minecraft:bookshelf":1,"ringsofascension:ring_jump_boost":1,"minecraft:mossy_stone_brick_stairs":2,"ecologics:crab_claw":2,"minecraft:stick":2,"forbidden_arcanus:spawner_scrap":2,"minecraft:writable_book":1,"minecraft:sand":4,"minecraft:iron_pickaxe":1,"minecraft:acacia_planks":22,"twigs:twig":4,"aether:golden_gloves":1,"minecraft:wheat":2,"minecraft:rotten_flesh":16,"enigmaticlegacy:tattered_tome":1,"sophisticatedbackpacks:backpack":1,"minecraft:rabbit_hide":2,"minecraft:andesite":18,"ecologics:coconut_husk":17,"minecraft:chest":1,"minecraft:spider_eye":2,"minecraft:arrow":1},"minecraft:picked_up":{"minecraft:crafting_table":7,"minecraft:wheat":4,"minecraft:flower_pot":1,"minecraft:lead":2,"relics:amphibian_boot":1,"minecraft:potion":1,"undead_unleashed:grave_metal_chestplate":1,"enigmaticlegacy:tattered_tome":1,"enigmaticlegacy:enigmatic_eye":1,"minecraft:string":218,"minecraft:raw_copper":127,"minecraft:netherite_scrap":1,"minecraft:blue_orchid":1,"irons_spellbooks:arcane_essence":1,"minecraft:gold_nugget":7,"aquaculture:bluegill":1,"minecraft:beef":12,"vinery:cherry":22,"minecraft:poppy":3,"minecraft:melon_slice":15,"minecraft:chest":1,"ecologics:crab_claw":5,"minecraft:furnace":3,"minecraft:stick":1,"apotheosis:gem":22,"ecologics:coconut_slice":31,"minecraft:torch":1,"minecraft:acacia_log":39,"twigs:bamboo_leaves":3,"minecraft:porkchop":23,"minecraft:stone_sword":1,"minecraft:arrow":24,"minecraft:rotten_flesh":18,"minecraft:peony":2,"minecraft:bookshelf":1,"forbidden_arcanus:spawner_scrap":4,"minecraft:blaze_powder":2,"minecraft:cobblestone":66,"minecraft:feather":2,"vinery:rotten_cherry":1,"minecraft:andesite":25,"minecraft:leather":8,"alexsmobs:acacia_blossom":4,"minecraft:filled_map":1,"minecraft:oak_log":9,"minecraft:chainmail_chestplate":1,"minecraft:dirt":11,"minecraft:bone":29,"minecraft:acacia_planks":23,"minecraft:apple":1,"delightful:mini_melon":10,"minecraft:wheat_seeds":6,"minecraft:rabbit_hide":2,"minecraft:stone_pickaxe":1,"minecraft:mossy_stone_bricks":9,"ringsofascension:ring_water_breathing":1,"minecraft:bamboo":13,"twigs:twig":14,"minecraft:acacia_sapling":8,"minecraft:iron_sword":2,"minecraft:mossy_stone_brick_stairs":2,"minecraft:book":96,"aquaculture:gar":1,"minecraft:chiseled_stone_bricks":1,"vinery:white_grape":1,"minecraft:sand":8,"ecologics:coconut_husk":5,"minecraft:amethyst_shard":4,"undead_unleashed:grave_metal_scrap":13,"minecraft:spider_eye":18,"minecraft:leather_helmet":1,"enigmaticlegacy:lore_inscriber":1,"minecraft:stone_axe":6,"minecraft:writable_book":1,"minecraft:mossy_cobblestone_stairs":1,"minecraft:emerald":15,"alexsmobs:maggot":3,"minecraft:baked_potato":1,"minecraft:oak_sapling":1,"minecraft:coal":213},"minecraft:crafted":{"minecraft:oak_planks":36,"minecraft:furnace":2,"minecraft:pink_dye":4,"sophisticatedbackpacks:copper_backpack":1,"minecraft:iron_axe":1,"minecraft:stone_pickaxe":3,"minecraft:chest":2,"ecologics:crab_meat":3,"minecraft:red_dye":3,"blue_skies:blue_journal":1,"sophisticatedbackpacks:backpack":2,"minecraft:cooked_porkchop":20,"minecraft:crafting_table":3,"minecraft:wooden_pickaxe":1,"minecraft:copper_ingot":45,"minecraft:stone_axe":1,"minecraft:air":0,"minecraft:shield":1,"minecraft:stick":28,"minecraft:iron_ingot":3,"minecraft:stone_sword":2,"minecraft:acacia_planks":44,"minecraft:torch":40},"minecraft:used":{"minecraft:writable_book":2,"minecraft:stone_sword":262,"minecraft:shield":7,"minecraft:iron_sword":102,"strictly_origins:damaged_durendal":8,"minecraft:iron_chestplate":2,"aquaculture:bluegill":1,"minecraft:torch":21,"minecraft:chainmail_chestplate":6,"ecologics:crab_meat":3,"minecraft:acacia_sapling":1,"mcsa:swordbreaker_leggings":2,"minecraft:iron_axe":42,"minecraft:bow":57,"minecraft:written_book":1,"minecraft:oak_sapling":1,"minecraft:furnace":5,"minecraft:potato":18,"minecraft:acacia_planks":15,"minecraft:mossy_stone_bricks":5,"minecraft:stone_pickaxe":291,"minecraft:baked_potato":3,"minecraft:wooden_pickaxe":29,"minecraft:leather_boots":3,"minecraft:crafting_table":9,"minecraft:bread":7,"minecraft:leather_helmet":4,"aquaculture:gar":1,"minecraft:golden_helmet":2,"minecraft:stone_axe":144,"ecologics:coconut_slice":31,"vinery:cherry":11,"minecraft:cooked_porkchop":20,"minecraft:andesite":4},"minecraft:broken":{"minecraft:leather_helmet":1,"aether:golden_gloves":1,"minecraft:stone_sword":2,"minecraft:stone_pickaxe":2,"minecraft:leather_boots":1}},"DataVersion":3120}