{"stats":{"minecraft:used":{"strictly_origins:damaged_durendal":8,"minecraft:stone_axe":9},"minecraft:custom":{"minecraft:time_since_rest":3346,"enigmaticlegacy:play_time_with_seven_curses":13418,"minecraft:sprint_one_cm":37581,"minecraft:damage_taken":865,"minecraft:walk_one_cm":17805,"minecraft:mob_kills":2,"minecraft:drop":1,"minecraft:damage_dealt":383,"enigmaticlegacy:play_time_without_seven_curses":1729,"minecraft:swim_one_cm":38513,"minecraft:fly_one_cm":44514,"minecraft:open_chest":2,"minecraft:crouch_one_cm":1889,"minecraft:play_time":15297,"minecraft:deaths":3,"minecraft:sneak_time":302,"minecraft:walk_under_water_one_cm":6047,"minecraft:jump":164,"minecraft:leave_game":1,"minecraft:walk_on_water_one_cm":5634,"minecraft:time_since_death":3288,"minecraft:total_world_time":15297,"minecraft:fall_one_cm":3729},"minecraft:killed_by":{"majruszsdifficulty:cursed_armor":1,"minecraft:skeleton":2},"minecraft:crafted":{"minecraft:oak_planks":16,"minecraft:crafting_table":1,"minecraft:stick":4,"minecraft:acacia_planks":44},"minecraft:killed":{"minecraft:spider":1},"minecraft:dropped":{"minecraft:chest":1},"minecraft:picked_up":{"minecraft:wheat":2,"minecraft:leather":3,"minecraft:acacia_log":11,"minecraft:filled_map":1,"relics:amphibian_boot":1,"minecraft:potion":1,"minecraft:sand":4,"minecraft:oak_log":9,"minecraft:chainmail_chestplate":1,"enigmaticlegacy:enigmatic_eye":1,"minecraft:spider_eye":1,"minecraft:string":14,"enigmaticlegacy:lore_inscriber":1,"minecraft:bone":1,"minecraft:rotten_flesh":1,"minecraft:stone_axe":1,"irons_spellbooks:arcane_essence":1,"ringsofascension:ring_water_breathing":1,"minecraft:chest":1,"minecraft:coal":3},"minecraft:mined":{"minecraft:grass":2,"minecraft:acacia_log":11,"minecraft:oak_log":9,"minecraft:chest":1,"minecraft:sand":5,"minecraft:oak_leaves":2}},"DataVersion":3120}