{"stats":{"minecraft:used":{"minecraft:stone_sword":35,"minecraft:stone_pickaxe":3,"minecraft:wooden_pickaxe":29,"strictly_origins:damaged_durendal":8,"minecraft:crafting_table":1,"minecraft:chainmail_chestplate":1,"minecraft:stone_axe":16,"minecraft:written_book":1,"minecraft:furnace":2,"minecraft:cooked_porkchop":6},"minecraft:custom":{"enigmaticlegacy:play_time_with_seven_curses":31814,"minecraft:interact_with_furnace":6,"minecraft:mob_kills":12,"enigmaticlegacy:play_time_without_seven_curses":1729,"minecraft:interact_with_crafting_table":2,"minecraft:leave_game":1,"minecraft:time_since_death":1207,"minecraft:time_since_rest":1250,"minecraft:sprint_one_cm":70567,"minecraft:damage_taken":2212,"minecraft:walk_one_cm":69014,"minecraft:drop":1,"minecraft:damage_dealt":1561,"minecraft:swim_one_cm":42177,"minecraft:fly_one_cm":85335,"minecraft:open_chest":2,"minecraft:crouch_one_cm":2261,"minecraft:play_time":39297,"minecraft:deaths":5,"minecraft:sneak_time":971,"minecraft:walk_under_water_one_cm":8197,"minecraft:jump":470,"minecraft:walk_on_water_one_cm":6974,"minecraft:total_world_time":39297,"minecraft:fall_one_cm":11270},"minecraft:killed_by":{"irons_spellbooks:necromancer":1,"minecraft:skeleton":2,"majruszsdifficulty:cursed_armor":1},"minecraft:crafted":{"minecraft:oak_planks":36,"minecraft:cooked_porkchop":6,"minecraft:crafting_table":1,"minecraft:wooden_pickaxe":1,"minecraft:furnace":1,"minecraft:stone_axe":1,"minecraft:air":0,"minecraft:stick":12,"minecraft:stone_pickaxe":1,"minecraft:stone_sword":1,"minecraft:acacia_planks":44},"minecraft:killed":{"minecraft:pig":5,"minecraft:spider":2,"aquaculture:gar":1,"alexsmobs:emu":1},"minecraft:dropped":{"minecraft:chest":1},"minecraft:picked_up":{"minecraft:crafting_table":1,"minecraft:wheat":2,"minecraft:feather":2,"minecraft:leather":3,"relics:amphibian_boot":1,"minecraft:filled_map":1,"minecraft:potion":1,"undead_unleashed:grave_metal_chestplate":1,"minecraft:oak_log":9,"minecraft:chainmail_chestplate":1,"enigmaticlegacy:enigmatic_eye":1,"minecraft:string":24,"minecraft:dirt":10,"minecraft:raw_copper":5,"minecraft:bone":3,"irons_spellbooks:arcane_essence":1,"ringsofascension:ring_water_breathing":1,"twigs:twig":1,"minecraft:chest":1,"minecraft:furnace":1,"aquaculture:gar":1,"minecraft:acacia_log":11,"minecraft:porkchop":7,"minecraft:sand":4,"minecraft:spider_eye":2,"minecraft:leather_helmet":1,"enigmaticlegacy:lore_inscriber":1,"minecraft:arrow":1,"minecraft:rotten_flesh":1,"minecraft:stone_axe":1,"minecraft:coal":3,"minecraft:cobblestone":30},"minecraft:mined":{"minecraft:crafting_table":1,"minecraft:acacia_log":11,"minecraft:grass_block":2,"minecraft:chest":1,"twigs:twig":1,"minecraft:copper_ore":1,"minecraft:furnace":1,"minecraft:grass":7,"minecraft:oak_log":9,"minecraft:sand":5,"minecraft:dirt":8,"minecraft:stone":30,"minecraft:oak_leaves":2}},"DataVersion":3120}