{"stats":{"minecraft:used":{"minecraft:stone_sword":2,"minecraft:stone_pickaxe":1,"minecraft:wooden_pickaxe":29,"strictly_origins:damaged_durendal":8,"minecraft:stone_axe":15,"minecraft:written_book":1,"minecraft:crafting_table":1,"minecraft:cooked_porkchop":2,"minecraft:furnace":1},"minecraft:custom":{"minecraft:time_since_rest":2557,"enigmaticlegacy:play_time_with_seven_curses":22861,"minecraft:interact_with_furnace":5,"minecraft:sprint_one_cm":44198,"minecraft:damage_taken":1314,"minecraft:walk_one_cm":32178,"minecraft:mob_kills":8,"minecraft:drop":1,"minecraft:damage_dealt":934,"enigmaticlegacy:play_time_without_seven_curses":1729,"minecraft:interact_with_crafting_table":2,"minecraft:swim_one_cm":38857,"minecraft:fly_one_cm":50098,"minecraft:open_chest":2,"minecraft:crouch_one_cm":1992,"minecraft:play_time":27297,"minecraft:deaths":4,"minecraft:sneak_time":765,"minecraft:walk_under_water_one_cm":7447,"minecraft:jump":226,"minecraft:leave_game":1,"minecraft:walk_on_water_one_cm":6635,"minecraft:time_since_death":0,"minecraft:total_world_time":27297,"minecraft:fall_one_cm":4356},"minecraft:killed_by":{"majruszsdifficulty:cursed_armor":1,"irons_spellbooks:necromancer":1,"minecraft:skeleton":2},"minecraft:crafted":{"minecraft:oak_planks":36,"minecraft:cooked_porkchop":6,"minecraft:crafting_table":1,"minecraft:stick":12,"minecraft:wooden_pickaxe":1,"minecraft:stone_pickaxe":1,"minecraft:stone_sword":1,"minecraft:furnace":1,"minecraft:acacia_planks":44,"minecraft:stone_axe":1,"minecraft:air":0},"minecraft:killed":{"minecraft:pig":5,"minecraft:spider":1,"aquaculture:gar":1},"minecraft:dropped":{"minecraft:chest":1},"minecraft:picked_up":{"minecraft:crafting_table":1,"aquaculture:gar":1,"minecraft:wheat":2,"minecraft:leather":3,"minecraft:acacia_log":11,"minecraft:filled_map":1,"relics:amphibian_boot":1,"minecraft:potion":1,"minecraft:porkchop":6,"minecraft:sand":4,"minecraft:oak_log":9,"minecraft:chainmail_chestplate":1,"enigmaticlegacy:enigmatic_eye":1,"minecraft:dirt":10,"minecraft:spider_eye":1,"minecraft:string":14,"enigmaticlegacy:lore_inscriber":1,"minecraft:bone":1,"minecraft:rotten_flesh":1,"minecraft:stone_axe":1,"irons_spellbooks:arcane_essence":1,"ringsofascension:ring_water_breathing":1,"minecraft:chest":1,"minecraft:coal":3,"minecraft:cobblestone":29,"minecraft:furnace":1},"minecraft:mined":{"minecraft:furnace":1,"minecraft:crafting_table":1,"minecraft:grass":7,"minecraft:acacia_log":11,"minecraft:grass_block":2,"minecraft:oak_log":9,"minecraft:chest":1,"minecraft:sand":5,"minecraft:dirt":8,"minecraft:stone":29,"minecraft:oak_leaves":2}},"DataVersion":3120}