{"stats":{"minecraft:used":{"minecraft:stone_sword":171,"minecraft:stone_pickaxe":242,"minecraft:baked_potato":3,"minecraft:wooden_pickaxe":29,"strictly_origins:damaged_durendal":8,"aquaculture:bluegill":1,"minecraft:torch":9,"minecraft:crafting_table":4,"ecologics:crab_meat":3,"minecraft:chainmail_chestplate":3,"minecraft:bread":2,"minecraft:leather_helmet":2,"aquaculture:gar":1,"minecraft:stone_axe":64,"ecologics:coconut_slice":17,"minecraft:bow":11,"minecraft:written_book":1,"minecraft:furnace":4,"vinery:cherry":11,"minecraft:cooked_porkchop":12,"minecraft:acacia_planks":15},"minecraft:custom":{"minecraft:interact_with_smithing_table":1,"enigmaticlegacy:play_time_with_seven_curses":97584,"minecraft:interact_with_furnace":27,"minecraft:interact_with_anvil":1,"minecraft:mob_kills":32,"minecraft:traded_with_villager":1,"enigmaticlegacy:play_time_without_seven_curses":1729,"minecraft:interact_with_crafting_table":7,"minecraft:open_barrel":4,"minecraft:damage_dealt_resisted":0,"minecraft:interact_with_grindstone":2,"minecraft:time_since_death":188,"minecraft:leave_game":2,"minecraft:sleep_in_bed":1,"minecraft:climb_one_cm":3247,"minecraft:damage_resisted":0,"minecraft:time_since_rest":226,"minecraft:waystone_activated":1,"minecraft:sprint_one_cm":152987,"minecraft:damage_taken":5245,"minecraft:walk_one_cm":304200,"minecraft:drop":30,"minecraft:damage_dealt":5939,"minecraft:talked_to_villager":12,"minecraft:swim_one_cm":101391,"minecraft:fly_one_cm":172478,"minecraft:open_chest":17,"minecraft:crouch_one_cm":9525,"minecraft:play_time":105183,"minecraft:deaths":8,"minecraft:sneak_time":4341,"minecraft:walk_under_water_one_cm":21652,"minecraft:jump":1347,"minecraft:walk_on_water_one_cm":21175,"minecraft:interact_with_smoker":1,"minecraft:total_world_time":105183,"minecraft:fall_one_cm":30218},"minecraft:crafted":{"blue_skies:blue_journal":1,"minecraft:oak_planks":36,"minecraft:cooked_porkchop":20,"minecraft:crafting_table":1,"minecraft:wooden_pickaxe":1,"minecraft:furnace":2,"minecraft:copper_ingot":16,"minecraft:stone_axe":1,"minecraft:air":0,"sophisticatedbackpacks:copper_backpack":1,"minecraft:stick":16,"minecraft:stone_pickaxe":2,"minecraft:stone_sword":2,"minecraft:acacia_planks":44,"minecraft:torch":20,"ecologics:crab_meat":3},"minecraft:killed_by":{"minecraft:vindicator":1,"irons_spellbooks:necromancer":1,"minecraft:skeleton":2,"enemyexpansion:equestrian":1,"majruszsdifficulty:cursed_armor":1,"blue_skies:gatekeeper":1},"minecraft:killed":{"minecraft:pig":10,"alexsmobs:seal":2,"minecraft:spider":2,"aquaculture:gar":1,"aquaculture:smallmouth_bass":1,"alexsmobs:emu":1,"minecraft:skeleton":1,"minecraft:pillager":1,"minecraft:zombie":1,"ecologics:coconut_crab":7},"minecraft:broken":{"minecraft:stone_pickaxe":1,"minecraft:stone_sword":1},"minecraft:dropped":{"minecraft:wheat_seeds":1,"minecraft:rotten_flesh":13,"ecologics:crab_claw":2,"minecraft:stick":2,"minecraft:andesite":18,"ecologics:coconut_husk":17,"minecraft:chest":1,"minecraft:spider_eye":2,"minecraft:sand":4,"minecraft:arrow":1,"twigs:twig":1},"minecraft:picked_up":{"minecraft:crafting_table":4,"minecraft:wheat":2,"minecraft:feather":2,"vinery:rotten_cherry":1,"minecraft:flower_pot":1,"minecraft:andesite":18,"minecraft:leather":3,"minecraft:lead":2,"minecraft:filled_map":1,"relics:amphibian_boot":1,"minecraft:potion":1,"undead_unleashed:grave_metal_chestplate":1,"minecraft:oak_log":9,"minecraft:chainmail_chestplate":1,"enigmaticlegacy:enigmatic_eye":1,"minecraft:string":24,"minecraft:dirt":11,"minecraft:raw_copper":127,"minecraft:bone":20,"minecraft:blue_orchid":1,"minecraft:acacia_planks":1,"delightful:mini_melon":10,"irons_spellbooks:arcane_essence":1,"minecraft:wheat_seeds":1,"minecraft:gold_nugget":7,"aquaculture:bluegill":1,"minecraft:stone_pickaxe":1,"vinery:cherry":22,"ringsofascension:ring_water_breathing":1,"twigs:twig":1,"minecraft:chest":1,"ecologics:crab_claw":5,"minecraft:furnace":3,"minecraft:book":90,"minecraft:stick":1,"aquaculture:gar":1,"apotheosis:gem":22,"ecologics:coconut_slice":31,"minecraft:acacia_log":11,"vinery:white_grape":1,"minecraft:porkchop":20,"minecraft:sand":8,"ecologics:coconut_husk":5,"minecraft:amethyst_shard":4,"undead_unleashed:grave_metal_scrap":11,"minecraft:stone_sword":1,"minecraft:spider_eye":2,"minecraft:leather_helmet":1,"enigmaticlegacy:lore_inscriber":1,"minecraft:arrow":14,"minecraft:rotten_flesh":13,"minecraft:stone_axe":3,"minecraft:emerald":4,"minecraft:baked_potato":1,"minecraft:coal":208,"minecraft:cobblestone":65},"minecraft:mined":{"minecraft:amethyst_cluster":1,"minecraft:potted_blue_orchid":1,"minecraft:crafting_table":4,"minecraft:acacia_log":11,"undead_unleashed:grave_soil":6,"minecraft:grass_block":3,"minecraft:chest":1,"twigs:twig":1,"minecraft:copper_ore":25,"minecraft:tall_grass":1,"minecraft:furnace":3,"twigs:tangerine_seashell":1,"minecraft:andesite":18,"minecraft:bookshelf":30,"minecraft:grass":16,"minecraft:oak_log":9,"minecraft:coal_ore":157,"ecologics:hanging_coconut":1,"delightful:mini_melon":10,"minecraft:sand":5,"minecraft:dirt":8,"minecraft:acacia_planks":1,"minecraft:stone":67,"minecraft:oak_leaves":3}},"DataVersion":3120}