{"stats":{"minecraft:mined":{"minecraft:tall_seagrass":2,"minecraft:blackstone":6,"minecraft:iron_ore":2,"atmospheric:yucca_flower":1,"atmospheric:flowering_morado_leaves":1,"minecraft:basalt":1,"minecraft:dandelion":1,"minecraft:deepslate_lapis_ore":1,"minecraft:crafting_table":2,"minecraft:grass":8,"minecraft:acacia_log":4,"minecraft:oak_log":3,"minecraft:deepslate_iron_ore":3,"minecraft:melon":10,"minecraft:deepslate_coal_ore":1,"minecraft:bamboo":1,"minecraft:stone":19,"minecraft:sugar_cane":2,"minecraft:fern":2},"minecraft:custom":{"minecraft:time_since_rest":4391,"enigmaticlegacy:play_time_with_seven_curses":24879,"minecraft:sprint_one_cm":36637,"minecraft:damage_taken":1368,"minecraft:walk_one_cm":97213,"minecraft:mob_kills":6,"minecraft:damage_dealt":534,"enigmaticlegacy:play_time_without_seven_curses":4835,"minecraft:swim_one_cm":42121,"minecraft:interact_with_crafting_table":4,"minecraft:fly_one_cm":58859,"minecraft:crouch_one_cm":45,"minecraft:play_time":29832,"minecraft:deaths":2,"minecraft:sneak_time":41,"minecraft:walk_under_water_one_cm":17468,"minecraft:jump":486,"minecraft:time_since_death":4342,"minecraft:walk_on_water_one_cm":9347,"minecraft:climb_one_cm":2542,"minecraft:total_world_time":29832,"minecraft:fall_one_cm":15947},"minecraft:killed":{"minecraft:zombie":1,"minecraft:salmon":3,"enemyexpansion:direwolf":1,"enemyexpansion:wasp":1},"minecraft:killed_by":{"minecraft:enderman":1},"minecraft:picked_up":{"minecraft:raw_iron":6,"minecraft:crafting_table":2,"apotheosis:gem":2,"minecraft:basalt":1,"bygonenether:cobbled_blackstone":6,"minecraft:salmon":3,"minecraft:copper_ingot":9,"minecraft:dandelion":1,"minecraft:acacia_log":4,"enemyexpansion:wasp_thorax":1,"sophisticatedbackpacks:backpack":1,"twigs:bamboo_leaves":3,"minecraft:oak_log":3,"aether:golden_gloves":1,"atmospheric:barrel_cactus":5,"atmospheric:yucca_flower":1,"ringsofascension:ring_jump_boost":1,"minecraft:bread":10,"minecraft:iron_pickaxe":1,"minecraft:bamboo":13,"twigs:twig":1,"minecraft:melon_slice":59,"minecraft:sugar_cane":5,"minecraft:coal":2,"minecraft:iron_sword":1,"minecraft:cobblestone":17},"minecraft:crafted":{"minecraft:diamond_sword":1,"sophisticatedbackpacks:copper_backpack":1,"minecraft:crafting_table":1,"minecraft:stick":12,"minecraft:acacia_planks":16,"minecraft:stone_axe":1},"minecraft:used":{"minecraft:bread":3,"minecraft:iron_pickaxe":36,"minecraft:stone_axe":7,"minecraft:diamond_sword":14,"minecraft:cobblestone":2,"minecraft:crafting_table":2,"minecraft:acacia_planks":1}},"DataVersion":3120}