{"stats":{"minecraft:mined":{"minecraft:blackstone":6,"atmospheric:flowering_morado_leaves":1,"minecraft:basalt":1,"minecraft:dandelion":1,"minecraft:crafting_table":2,"minecraft:acacia_log":4,"minecraft:melon":10,"minecraft:deepslate_coal_ore":1,"minecraft:moss_block":1,"minecraft:sugar_cane":2,"minecraft:wall_torch":1,"minecraft:tall_seagrass":2,"minecraft:iron_ore":15,"minecraft:chiseled_sandstone":3,"atmospheric:yucca_flower":1,"minecraft:deepslate_lapis_ore":1,"minecraft:grass":8,"minecraft:oak_log":3,"minecraft:deepslate_iron_ore":3,"minecraft:gravel":1,"minecraft:sand":7,"minecraft:sandstone_wall":6,"minecraft:cobweb":34,"minecraft:bamboo":1,"minecraft:stone":31,"minecraft:fern":2},"minecraft:custom":{"enigmaticlegacy:play_time_with_seven_curses":36780,"minecraft:mob_kills":11,"enigmaticlegacy:play_time_without_seven_curses":4835,"minecraft:interact_with_crafting_table":4,"minecraft:time_since_death":2468,"minecraft:climb_one_cm":2542,"minecraft:time_since_rest":2513,"minecraft:sprint_one_cm":51843,"minecraft:damage_taken":2205,"minecraft:walk_one_cm":154885,"minecraft:drop":3,"minecraft:damage_dealt":1769,"minecraft:swim_one_cm":42121,"minecraft:fly_one_cm":64649,"minecraft:crouch_one_cm":1283,"minecraft:play_time":41832,"minecraft:deaths":5,"minecraft:sneak_time":511,"minecraft:walk_under_water_one_cm":17468,"minecraft:jump":559,"minecraft:walk_on_water_one_cm":9792,"minecraft:total_world_time":41832,"minecraft:fall_one_cm":18383},"minecraft:killed":{"minecraft:cave_spider":4,"minecraft:salmon":3,"enemyexpansion:direwolf":1,"minecraft:creeper":1,"minecraft:zombie":1,"enemyexpansion:wasp":1},"minecraft:dropped":{"minecraft:iron_boots":1,"undead_unleashed:grave_metal_scrap":2,"apotheosis:gem":1},"minecraft:killed_by":{"minecraft:cave_spider":3,"minecraft:enderman":1},"minecraft:picked_up":{"minecraft:crafting_table":2,"minecraft:basalt":1,"minecraft:salmon":3,"enemyexpansion:wasp_thorax":1,"minecraft:oak_log":3,"minecraft:shield":1,"minecraft:gunpowder":13,"minecraft:string":78,"twigs:pebble":1,"atmospheric:yucca_flower":1,"ringsofascension:ring_jump_boost":1,"minecraft:moss_block":1,"minecraft:iron_pickaxe":1,"minecraft:bamboo":13,"minecraft:melon_slice":59,"twigs:twig":1,"minecraft:sugar_cane":5,"minecraft:iron_sword":1,"minecraft:iron_boots":2,"minecraft:raw_iron":25,"apotheosis:gem":5,"bygonenether:cobbled_blackstone":6,"minecraft:copper_ingot":9,"minecraft:sand":1,"minecraft:acacia_log":4,"minecraft:torch":10,"minecraft:dandelion":1,"twigs:bamboo_leaves":3,"sophisticatedbackpacks:backpack":1,"minecraft:sandstone_wall":5,"undead_unleashed:grave_metal_scrap":2,"aether:golden_gloves":1,"minecraft:chiseled_sandstone":2,"minecraft:spider_eye":4,"atmospheric:barrel_cactus":5,"minecraft:bread":10,"minecraft:coal":2,"minecraft:cobblestone":36},"minecraft:crafted":{"minecraft:diamond_sword":1,"minecraft:crafting_table":1,"minecraft:stone_axe":1,"sophisticatedbackpacks:copper_backpack":1,"minecraft:stick":12,"minecraft:acacia_planks":16},"minecraft:used":{"minecraft:iron_shovel":7,"minecraft:torch":8,"minecraft:crafting_table":2,"majruszsdifficulty:tattered_helmet":1,"minecraft:melon_slice":4,"minecraft:bread":3,"minecraft:iron_pickaxe":72,"minecraft:iron_boots":1,"minecraft:stone_axe":7,"minecraft:diamond_sword":95,"minecraft:cobblestone":2,"minecraft:acacia_planks":1}},"DataVersion":3120}