{"stats":{"minecraft:mined":{"minecraft:grass":4,"minecraft:acacia_log":2},"minecraft:custom":{"minecraft:jump":17,"minecraft:time_since_rest":5832,"enigmaticlegacy:play_time_with_seven_curses":997,"minecraft:damage_dealt":35,"minecraft:crouch_one_cm":45,"minecraft:sprint_one_cm":424,"minecraft:play_time":5832,"minecraft:time_since_death":5832,"minecraft:walk_one_cm":6792,"minecraft:sneak_time":18,"enigmaticlegacy:play_time_without_seven_curses":4835,"minecraft:total_world_time":5832,"minecraft:fall_one_cm":418,"minecraft:fly_one_cm":481},"minecraft:picked_up":{"ringsofascension:ring_jump_boost":1,"minecraft:bread":10,"minecraft:iron_pickaxe":1,"minecraft:iron_sword":1,"minecraft:acacia_log":2,"sophisticatedbackpacks:backpack":1},"minecraft:crafted":{"minecraft:acacia_planks":4}},"DataVersion":3120}