{"stats":{"minecraft:mined":{"minecraft:blackstone":6,"atmospheric:flowering_morado_leaves":1,"minecraft:basalt":1,"minecraft:dandelion":1,"minecraft:smooth_sandstone":1,"minecraft:crafting_table":2,"minecraft:acacia_log":4,"minecraft:melon":10,"minecraft:cobblestone":5,"minecraft:deepslate_coal_ore":1,"minecraft:moss_block":1,"minecraft:sugar_cane":2,"minecraft:wall_torch":1,"minecraft:spawner":1,"minecraft:tall_seagrass":2,"minecraft:iron_ore":25,"minecraft:chiseled_sandstone":4,"atmospheric:yucca_flower":1,"minecraft:moss_carpet":1,"minecraft:deepslate_lapis_ore":1,"minecraft:grass":8,"minecraft:oak_log":3,"minecraft:deepslate_iron_ore":3,"minecraft:gravel":1,"minecraft:sand":7,"minecraft:sandstone_wall":6,"minecraft:cobweb":35,"minecraft:cracked_stone_bricks":1,"minecraft:bamboo":1,"minecraft:stone_bricks":5,"minecraft:stone":99,"minecraft:mossy_stone_bricks":2,"minecraft:gold_ore":1,"minecraft:fern":2},"minecraft:custom":{"enigmaticlegacy:play_time_with_seven_curses":64320,"minecraft:interact_with_furnace":8,"minecraft:mob_kills":14,"enigmaticlegacy:play_time_without_seven_curses":4835,"minecraft:interact_with_crafting_table":26,"minecraft:leave_game":1,"minecraft:damage_resisted":0,"minecraft:time_since_death":5197,"minecraft:climb_one_cm":2900,"minecraft:time_since_rest":5237,"minecraft:sprint_one_cm":66987,"minecraft:damage_taken":3778,"minecraft:walk_one_cm":235533,"minecraft:damage_blocked_by_shield":198,"minecraft:drop":12,"minecraft:damage_dealt":3831,"minecraft:swim_one_cm":42121,"minecraft:fly_one_cm":80122,"minecraft:open_chest":5,"minecraft:crouch_one_cm":1572,"minecraft:play_time":69572,"minecraft:deaths":11,"minecraft:sneak_time":636,"minecraft:walk_under_water_one_cm":17468,"minecraft:jump":783,"minecraft:walk_on_water_one_cm":12045,"minecraft:total_world_time":69572,"minecraft:fall_one_cm":20938},"minecraft:killed":{"minecraft:cave_spider":4,"minecraft:salmon":3,"majruszsdifficulty:cursed_armor":1,"enemyexpansion:direwolf":1,"minecraft:creeper":1,"minecraft:zombie":2,"enemyexpansion:wasp":1},"minecraft:killed_by":{"minecraft:cave_spider":3,"minecraft:creeper":1,"minecraft:zombie":2,"enemyexpansion:ladybug":1,"minecraft:enderman":1,"majruszsdifficulty:cursed_armor":2},"minecraft:dropped":{"minecraft:moss_carpet":1,"minecraft:cobbled_deepslate":2,"relics:infinity_ham":2,"minecraft:iron_boots":1,"undead_unleashed:grave_metal_scrap":2,"minecraft:shield":1,"minecraft:leather_boots":1,"apotheosis:gem":1,"minecraft:bow":1,"ars_nouveau:amplify_arrow":8},"minecraft:picked_up":{"majruszsaccessories:tool_scraps":1,"minecraft:mud":3,"minecraft:crafting_table":2,"minecraft:leather_chestplate":1,"minecraft:chainmail_boots":1,"minecraft:basalt":1,"minecraft:salmon":3,"minecraft:leather":10,"enemyexpansion:wasp_thorax":1,"enigmaticlegacy:tattered_tome":2,"minecraft:oak_log":3,"minecraft:shield":2,"minecraft:gunpowder":13,"minecraft:string":97,"minecraft:moss_carpet":3,"minecraft:leather_boots":1,"minecraft:smooth_sandstone":1,"minecraft:acacia_planks":32,"minecraft:stone_bricks":5,"minecraft:bow":1,"minecraft:cracked_stone_bricks":1,"minecraft:cobbled_deepslate":3,"minecraft:raw_gold":2,"twigs:pebble":1,"atmospheric:yucca_flower":1,"ringsofascension:ring_jump_boost":1,"minecraft:mossy_stone_bricks":2,"relics:infinity_ham":2,"minecraft:moss_block":1,"minecraft:iron_pickaxe":1,"minecraft:bamboo":13,"minecraft:melon_slice":59,"twigs:twig":1,"minecraft:sugar_cane":5,"minecraft:iron_sword":1,"minecraft:iron_boots":2,"minecraft:raw_iron":38,"apotheosis:gem":9,"bygonenether:cobbled_blackstone":6,"minecraft:copper_ingot":9,"minecraft:sand":1,"minecraft:acacia_log":4,"minecraft:torch":13,"minecraft:dandelion":1,"twigs:bamboo_leaves":3,"sophisticatedbackpacks:backpack":1,"minecraft:sandstone_wall":5,"undead_unleashed:grave_metal_scrap":2,"aether:golden_gloves":1,"minecraft:chiseled_sandstone":3,"minecraft:spider_eye":4,"minecraft:arrow":20,"atmospheric:barrel_cactus":5,"minecraft:bread":10,"forbidden_arcanus:spawner_scrap":1,"minecraft:mangrove_propagule":1,"minecraft:coal":2,"minecraft:cobblestone":109,"enigmaticlegacy:magnet_ring":1},"minecraft:crafted":{"minecraft:diamond_sword":1,"sophisticatedbackpacks:backpack":1,"minecraft:crafting_table":1,"minecraft:furnace":1,"minecraft:stone_axe":1,"minecraft:air":0,"minecraft:bow":1,"sophisticatedbackpacks:copper_backpack":1,"minecraft:stick":12,"minecraft:iron_ingot":8,"minecraft:chest":1,"minecraft:acacia_planks":16,"sophisticatedbackpacks:iron_backpack":1},"minecraft:broken":{"aether:golden_gloves":1},"minecraft:used":{"minecraft:iron_shovel":7,"minecraft:leather_chestplate":1,"minecraft:shield":4,"minecraft:torch":8,"minecraft:crafting_table":3,"majruszsdifficulty:tattered_helmet":3,"minecraft:mud":3,"minecraft:chiseled_sandstone":2,"minecraft:mangrove_propagule":1,"minecraft:melon_slice":20,"minecraft:bread":3,"minecraft:iron_pickaxe":167,"minecraft:iron_boots":2,"minecraft:stone_axe":7,"minecraft:diamond_sword":205,"minecraft:cobblestone":17,"minecraft:bow":7,"minecraft:furnace":1,"minecraft:acacia_planks":1}},"DataVersion":3120}