{"stats":{"minecraft:mined":{"minecraft:dandelion":1,"minecraft:crafting_table":2,"minecraft:grass":8,"minecraft:acacia_log":4,"minecraft:oak_log":3,"minecraft:melon":6,"minecraft:bamboo":1,"minecraft:stone":17,"minecraft:sugar_cane":2,"minecraft:fern":2},"minecraft:custom":{"minecraft:time_since_rest":4137,"enigmaticlegacy:play_time_with_seven_curses":12928,"minecraft:sprint_one_cm":26025,"minecraft:damage_taken":558,"minecraft:walk_one_cm":61205,"minecraft:mob_kills":3,"minecraft:damage_dealt":402,"enigmaticlegacy:play_time_without_seven_curses":4835,"minecraft:swim_one_cm":18769,"minecraft:interact_with_crafting_table":2,"minecraft:fly_one_cm":37255,"minecraft:crouch_one_cm":45,"minecraft:play_time":17832,"minecraft:deaths":1,"minecraft:sneak_time":23,"minecraft:walk_under_water_one_cm":3755,"minecraft:jump":285,"minecraft:time_since_death":4068,"minecraft:walk_on_water_one_cm":3254,"minecraft:climb_one_cm":2542,"minecraft:total_world_time":17832,"minecraft:fall_one_cm":9174},"minecraft:killed":{"minecraft:zombie":1,"enemyexpansion:direwolf":1,"enemyexpansion:wasp":1},"minecraft:killed_by":{"minecraft:enderman":1},"minecraft:picked_up":{"minecraft:crafting_table":2,"minecraft:dandelion":1,"minecraft:acacia_log":4,"enemyexpansion:wasp_thorax":1,"sophisticatedbackpacks:backpack":1,"twigs:bamboo_leaves":3,"minecraft:oak_log":3,"aether:golden_gloves":1,"ringsofascension:ring_jump_boost":1,"minecraft:bread":10,"minecraft:iron_pickaxe":1,"minecraft:bamboo":13,"twigs:twig":1,"minecraft:melon_slice":37,"minecraft:sugar_cane":5,"minecraft:iron_sword":1,"minecraft:cobblestone":17},"minecraft:crafted":{"minecraft:diamond_sword":1,"minecraft:crafting_table":1,"minecraft:stick":12,"minecraft:acacia_planks":16,"minecraft:stone_axe":1},"minecraft:used":{"minecraft:bread":3,"minecraft:iron_pickaxe":17,"minecraft:stone_axe":2,"minecraft:diamond_sword":11,"minecraft:cobblestone":2,"minecraft:crafting_table":2,"minecraft:acacia_planks":1}},"DataVersion":3120}